{
    "TEN:owned or mortgaged": 0.86,
    "TEN:rented": 0.14,
    "HHL:english": 0.9014195583596214,
    "HHL:spanish": 0.03746056782334385,
    "HHL:other indo-european": 0.018533123028391166,
    "HHL:asian and pacific island languages": 0.04258675078864353,
    "HHL:other": 0.0,
    "VEH:no vehicles": 0.01695583596214511,
    "VEH:1 vehicle": 0.21608832807570977,
    "VEH:2 vehicles": 0.4388801261829653,
    "VEH:3 vehicles": 0.1892744479495268,
    "VEH:4 or more vehicles": 0.138801261829653,
    "HINCP:under 10k": 0.011000000000000001,
    "HINCP:10k-15k": 0.027000000000000003,
    "HINCP:15k-25k": 0.07200000000000001,
    "HINCP:25k-35k": 0.008,
    "HINCP:35k-50k": 0.162,
    "HINCP:50k-75k": 0.209,
    "HINCP:75k-100k": 0.125,
    "HINCP:100k-150k": 0.248,
    "HINCP:150k+": 0.137,
    "R65:no": 0.705441640378549,
    "R65:yes": 0.2945583596214511,
    "R18:no": 0.6541798107255521,
    "R18:yes": 0.34582018927444796,
    "AGEP:under 5": 0.050251940623723276,
    "AGEP:5-9": 0.09083480866131009,
    "AGEP:10-14": 0.08252757728448863,
    "AGEP:15-19": 0.061555222661037724,
    "AGEP:20-24": 0.03745063325616233,
    "AGEP:25-29": 0.05433746425166826,
    "AGEP:30-34": 0.04711970584229879,
    "AGEP:35-39": 0.0657769304099142,
    "AGEP:40-44": 0.05542693721912025,
    "AGEP:45-49": 0.041399972763175814,
    "AGEP:50-54": 0.058150619637750235,
    "AGEP:55-59": 0.10281901130328204,
    "AGEP:60-64": 0.1097644014707885,
    "AGEP:65-69": 0.07231376821462618,
    "AGEP:70-74": 0.03091379545145036,
    "AGEP:75-79": 0.01606972626991693,
    "AGEP:80-84": 0.018657224567615417,
    "AGEP:85+": 0.0046302601116709795,
    "SEX:female": 0.46,
    "SEX:male": 0.54,
    "SCHL:less than high school": 0.102,
    "SCHL:high school": 0.4,
    "SCHL:college or associate": 0.292,
    "SCHL:bachelor": 0.12,
    "SCHL:graduate": 0.086
}