{
    "TEN:owned or mortgaged": 0.86,
    "TEN:rented": 0.14,
    "HHL:english": 2286.0,
    "HHL:spanish": 95.0,
    "HHL:other indo-european": 47.0,
    "HHL:asian and pacific island languages": 108.0,
    "HHL:other": 0.0,
    "VEH:no vehicles": 43.0,
    "VEH:1 vehicle": 548.0,
    "VEH:2 vehicles": 1113.0,
    "VEH:3 vehicles": 480.0,
    "VEH:4 or more vehicles": 352.0,
    "HINCP:under 5k": NaN,
    "HINCP:5k-10k": NaN,
    "HINCP:10k-15k": 0.027000000000000003,
    "HINCP:15k-20k": NaN,
    "HINCP:20k-25k": NaN,
    "HINCP:25k-35k": 0.008,
    "HINCP:35k-50k": 0.162,
    "HINCP:50k-75k": 0.209,
    "HINCP:75k-100k": 0.125,
    "HINCP:100k-150k": 0.248,
    "HINCP:150k+": 0.137,
    "R65:no": 1789.0,
    "R65:yes": 747.0,
    "R18:no": 1659.0,
    "R18:yes": 877.0,
    "SEX:male": 0.54,
    "SEX:female": 0.46,
    "SEX:nan": NaN,
    "AGEP:under 5": 369.0,
    "AGEP:5-9": 667.0,
    "AGEP:10-14": 606.0,
    "AGEP:15-19": 452.0,
    "AGEP:20-24": 275.0,
    "AGEP:25-29": 399.0,
    "AGEP:30-34": 346.0,
    "AGEP:35-39": 483.0,
    "AGEP:40-44": 407.0,
    "AGEP:45-49": 304.0,
    "AGEP:50-54": 427.0,
    "AGEP:55-59": 755.0,
    "AGEP:60-64": 806.0,
    "AGEP:65-69": 531.0,
    "AGEP:70-74": 227.0,
    "AGEP:75-79": 118.0,
    "AGEP:80-84": 137.0,
    "AGEP:85+": 34.0,
    "AEGP:nan": NaN,
    "SCHL:other": NaN,
    "SCHL:less than high school": 0.102,
    "SCHL:high school": 0.4,
    "SCHL:college or associate": 0.292,
    "SCHL:bachelor": 0.12,
    "SCHL:graduate": 0.086,
    "SCHL:nan": NaN,
    "HINCP:under 10k": 0.011000000000000001,
    "HINCP:15k-25k": 0.07200000000000001
}